{"input_params": [0.5], "guesses": [1], "test_file": "binding-curves_noise-0.050.csv", "ln_like": 115.09190204247034, "fit_params": [0.4781378466780159]}